path,kind,product,colour,width,height,ratio,background,reference,prompt
"/images/home/hero.jpg","home","","","2560","1440","16:9","scene","","Wide editorial campaign photograph for a premium innerwear brand. Calm, light, airy scene in warm off-white and stone tones. CRITICAL: the entire left third of the frame must stay clean, light and empty — large red headline type is overlaid there. Place the subject and all visual interest on the right side. Soft natural daylight. No text, no logos."
"/images/home/campaign-1.jpg","home","","","1152","2048","9:16 (tallest available)","scene","","Tall vertical editorial photograph. Soft cotton innerwear campaign. Model in neutral cream and stone tones against a warm grey backdrop. Full-length centred subject with generous headroom and footroom — the image is cropped hard at the left and right edges, so keep everything important centred. Soft daylight, premium, calm. No text."
"/images/home/campaign-2.jpg","home","","","1152","2048","9:16 (tallest available)","scene","","Tall vertical editorial photograph. Performance innerwear campaign. Cooler palette of sage and teal against pale grey-green. Full-length centred subject with generous headroom and footroom — the image is cropped hard at the left and right edges, so keep everything important centred. Soft daylight, premium, calm. No text."
"/images/home/category-briefs.jpg","home","","","1200","1500","4:5","scene","","Category tile photograph: neatly folded briefs and underwear in neutral tones, styled as a still life on a soft warm grey surface, gentle overhead angle, soft daylight, generous negative space, premium catalogue feel. No text."
"/images/home/category-vests.jpg","home","","","1200","1500","4:5","scene","","Category tile photograph: folded ribbed cotton vests in white and black, styled as a still life on a soft warm grey surface, gentle overhead angle, soft daylight, generous negative space, premium catalogue feel. No text."
"/images/home/category-lounge.jpg","home","","","1200","1500","4:5","scene","","Category tile photograph: a relaxed loungewear set in warm beige, styled as a still life on a soft warm grey surface, gentle overhead angle, soft daylight, generous negative space, premium catalogue feel. No text."
"/images/home/category-socks.jpg","home","","","1200","1500","4:5","scene","","Category tile photograph: rolled and folded cotton socks in navy and white, styled as a still life on a soft warm grey surface, gentle overhead angle, soft daylight, generous negative space, premium catalogue feel. No text."
"/images/products/10-pack-short-cotton-trunks/black/packshot.jpg","packshot","10-PACK SHORT COTTON TRUNKS","Black","1000","1400","5:7","#F5F5F5","","Flat-lay e-commerce product photograph of a single black mens boxer trunks, short-leg fitted underwear with a covered elastic waistband. Centred and filling the frame, on a seamless flat #F5F5F5 light-grey background, soft even lighting, no shadows, no model, no props, no text. Clean catalogue style."
"/images/products/10-pack-short-cotton-trunks/black/01-model.jpg","model","10-PACK SHORT COTTON TRUNKS","Black","1600","2100","3:4","scene","/images/products/10-pack-short-cotton-trunks/black/packshot.jpg","Editorial fashion photograph of a model wearing the black mens boxer trunks, short-leg fitted underwear with a covered elastic waistband from the reference image. Framed from mid-torso, calm neutral studio backdrop in warm light grey, soft daylight, natural relaxed pose, minimal styling. Match the garment in the reference exactly. No text."
"/images/shared/detail-black.jpg","detail","(shared across all products in this colour)","Black","1600","2100","3:4","macro","","Extreme macro photograph of black cotton jersey fabric (approximately #1a1a1a), showing fine rib-knit texture and a single flatlock seam running through the frame. Shallow depth of field, soft diffused light, no text."
"/images/products/5-pack-cotton-short-trunks/black/packshot.jpg","packshot","5-PACK COTTON SHORT TRUNKS","Black","1000","1400","5:7","#F5F5F5","","Flat-lay e-commerce product photograph of a single black mens boxer trunks, short-leg fitted underwear with a covered elastic waistband. Centred and filling the frame, on a seamless flat #F5F5F5 light-grey background, soft even lighting, no shadows, no model, no props, no text. Clean catalogue style."
"/images/products/5-pack-cotton-short-trunks/black/01-model.jpg","model","5-PACK COTTON SHORT TRUNKS","Black","1600","2100","3:4","scene","/images/products/5-pack-cotton-short-trunks/black/packshot.jpg","Editorial fashion photograph of a model wearing the black mens boxer trunks, short-leg fitted underwear with a covered elastic waistband from the reference image. Framed from mid-torso, calm neutral studio backdrop in warm light grey, soft daylight, natural relaxed pose, minimal styling. Match the garment in the reference exactly. No text."
"/images/products/5-pack-cotton-short-trunks/navy/packshot.jpg","packshot","5-PACK COTTON SHORT TRUNKS","Navy","1000","1400","5:7","#F5F5F5","","Flat-lay e-commerce product photograph of a single navy mens boxer trunks, short-leg fitted underwear with a covered elastic waistband. Centred and filling the frame, on a seamless flat #F5F5F5 light-grey background, soft even lighting, no shadows, no model, no props, no text. Clean catalogue style."
"/images/shared/detail-navy.jpg","detail","(shared across all products in this colour)","Navy","1600","2100","3:4","macro","","Extreme macro photograph of navy cotton jersey fabric (approximately #232f47), showing fine rib-knit texture and a single flatlock seam running through the frame. Shallow depth of field, soft diffused light, no text."
"/images/products/5-pack-cotton-short-trunks/burgundy/packshot.jpg","packshot","5-PACK COTTON SHORT TRUNKS","Burgundy","1000","1400","5:7","#F5F5F5","","Flat-lay e-commerce product photograph of a single burgundy mens boxer trunks, short-leg fitted underwear with a covered elastic waistband. Centred and filling the frame, on a seamless flat #F5F5F5 light-grey background, soft even lighting, no shadows, no model, no props, no text. Clean catalogue style."
"/images/shared/detail-burgundy.jpg","detail","(shared across all products in this colour)","Burgundy","1600","2100","3:4","macro","","Extreme macro photograph of burgundy cotton jersey fabric (approximately #5e2230), showing fine rib-knit texture and a single flatlock seam running through the frame. Shallow depth of field, soft diffused light, no text."
"/images/products/5-pack-cotton-short-trunks/grey/packshot.jpg","packshot","5-PACK COTTON SHORT TRUNKS","Grey melange","1000","1400","5:7","#F5F5F5","","Flat-lay e-commerce product photograph of a single grey melange mens boxer trunks, short-leg fitted underwear with a covered elastic waistband. Centred and filling the frame, on a seamless flat #F5F5F5 light-grey background, soft even lighting, no shadows, no model, no props, no text. Clean catalogue style."
"/images/shared/detail-grey.jpg","detail","(shared across all products in this colour)","Grey melange","1600","2100","3:4","macro","","Extreme macro photograph of grey melange cotton jersey fabric (approximately #9a9a9a), showing fine rib-knit texture and a single flatlock seam running through the frame. Shallow depth of field, soft diffused light, no text."
"/images/products/5-pack-short-trunks-with-lycra/black/packshot.jpg","packshot","5-PACK SHORT TRUNKS WITH LYCRA®","Black","1000","1400","5:7","#F5F5F5","","Flat-lay e-commerce product photograph of a single black mens boxer trunks, short-leg fitted underwear with a covered elastic waistband. Centred and filling the frame, on a seamless flat #F5F5F5 light-grey background, soft even lighting, no shadows, no model, no props, no text. Clean catalogue style."
"/images/products/5-pack-short-trunks-with-lycra/black/01-model.jpg","model","5-PACK SHORT TRUNKS WITH LYCRA®","Black","1600","2100","3:4","scene","/images/products/5-pack-short-trunks-with-lycra/black/packshot.jpg","Editorial fashion photograph of a model wearing the black mens boxer trunks, short-leg fitted underwear with a covered elastic waistband from the reference image. Framed from mid-torso, calm neutral studio backdrop in warm light grey, soft daylight, natural relaxed pose, minimal styling. Match the garment in the reference exactly. No text."
"/images/products/5-pack-short-trunks-with-lycra/teal/packshot.jpg","packshot","5-PACK SHORT TRUNKS WITH LYCRA®","Teal","1000","1400","5:7","#F5F5F5","","Flat-lay e-commerce product photograph of a single teal mens boxer trunks, short-leg fitted underwear with a covered elastic waistband. Centred and filling the frame, on a seamless flat #F5F5F5 light-grey background, soft even lighting, no shadows, no model, no props, no text. Clean catalogue style."
"/images/shared/detail-teal.jpg","detail","(shared across all products in this colour)","Teal","1600","2100","3:4","macro","","Extreme macro photograph of teal cotton jersey fabric (approximately #2f5f5c), showing fine rib-knit texture and a single flatlock seam running through the frame. Shallow depth of field, soft diffused light, no text."
"/images/products/5-pack-short-trunks-with-lycra/grey/packshot.jpg","packshot","5-PACK SHORT TRUNKS WITH LYCRA®","Grey melange","1000","1400","5:7","#F5F5F5","","Flat-lay e-commerce product photograph of a single grey melange mens boxer trunks, short-leg fitted underwear with a covered elastic waistband. Centred and filling the frame, on a seamless flat #F5F5F5 light-grey background, soft even lighting, no shadows, no model, no props, no text. Clean catalogue style."
"/images/products/3-pack-cotton-short-trunks/black/packshot.jpg","packshot","3-PACK COTTON SHORT TRUNKS","Black","1000","1400","5:7","#F5F5F5","","Flat-lay e-commerce product photograph of a single black mens boxer trunks, short-leg fitted underwear with a covered elastic waistband. Centred and filling the frame, on a seamless flat #F5F5F5 light-grey background, soft even lighting, no shadows, no model, no props, no text. Clean catalogue style."
"/images/products/3-pack-cotton-short-trunks/black/01-model.jpg","model","3-PACK COTTON SHORT TRUNKS","Black","1600","2100","3:4","scene","/images/products/3-pack-cotton-short-trunks/black/packshot.jpg","Editorial fashion photograph of a model wearing the black mens boxer trunks, short-leg fitted underwear with a covered elastic waistband from the reference image. Framed from mid-torso, calm neutral studio backdrop in warm light grey, soft daylight, natural relaxed pose, minimal styling. Match the garment in the reference exactly. No text."
"/images/products/3-pack-cotton-short-trunks/navy/packshot.jpg","packshot","3-PACK COTTON SHORT TRUNKS","Navy","1000","1400","5:7","#F5F5F5","","Flat-lay e-commerce product photograph of a single navy mens boxer trunks, short-leg fitted underwear with a covered elastic waistband. Centred and filling the frame, on a seamless flat #F5F5F5 light-grey background, soft even lighting, no shadows, no model, no props, no text. Clean catalogue style."
"/images/products/3-pack-coolmax-mid-trunks/teal/packshot.jpg","packshot","3-PACK COOLMAX® MID TRUNKS","Teal","1000","1400","5:7","#F5F5F5","","Flat-lay e-commerce product photograph of a single teal mens boxer trunks, short-leg fitted underwear with a covered elastic waistband. Centred and filling the frame, on a seamless flat #F5F5F5 light-grey background, soft even lighting, no shadows, no model, no props, no text. Clean catalogue style."
"/images/products/3-pack-coolmax-mid-trunks/teal/01-model.jpg","model","3-PACK COOLMAX® MID TRUNKS","Teal","1600","2100","3:4","scene","/images/products/3-pack-coolmax-mid-trunks/teal/packshot.jpg","Editorial fashion photograph of a model wearing the teal mens boxer trunks, short-leg fitted underwear with a covered elastic waistband from the reference image. Framed from mid-torso, calm neutral studio backdrop in warm light grey, soft daylight, natural relaxed pose, minimal styling. Match the garment in the reference exactly. No text."
"/images/products/3-pack-coolmax-mid-trunks/black/packshot.jpg","packshot","3-PACK COOLMAX® MID TRUNKS","Black","1000","1400","5:7","#F5F5F5","","Flat-lay e-commerce product photograph of a single black mens boxer trunks, short-leg fitted underwear with a covered elastic waistband. Centred and filling the frame, on a seamless flat #F5F5F5 light-grey background, soft even lighting, no shadows, no model, no props, no text. Clean catalogue style."
"/images/products/3-pack-coolmax-mid-trunks/olive/packshot.jpg","packshot","3-PACK COOLMAX® MID TRUNKS","Olive","1000","1400","5:7","#F5F5F5","","Flat-lay e-commerce product photograph of a single olive mens boxer trunks, short-leg fitted underwear with a covered elastic waistband. Centred and filling the frame, on a seamless flat #F5F5F5 light-grey background, soft even lighting, no shadows, no model, no props, no text. Clean catalogue style."
"/images/shared/detail-olive.jpg","detail","(shared across all products in this colour)","Olive","1600","2100","3:4","macro","","Extreme macro photograph of olive cotton jersey fabric (approximately #4a4f3a), showing fine rib-knit texture and a single flatlock seam running through the frame. Shallow depth of field, soft diffused light, no text."
"/images/products/4-pack-woven-boxer-shorts/burgundy/packshot.jpg","packshot","4-PACK WOVEN BOXER SHORTS","Burgundy","1000","1400","5:7","#F5F5F5","","Flat-lay e-commerce product photograph of a single burgundy loose woven cotton boxer shorts with an elasticated waistband. Centred and filling the frame, on a seamless flat #F5F5F5 light-grey background, soft even lighting, no shadows, no model, no props, no text. Clean catalogue style."
"/images/products/4-pack-woven-boxer-shorts/burgundy/01-model.jpg","model","4-PACK WOVEN BOXER SHORTS","Burgundy","1600","2100","3:4","scene","/images/products/4-pack-woven-boxer-shorts/burgundy/packshot.jpg","Editorial fashion photograph of a model wearing the burgundy loose woven cotton boxer shorts with an elasticated waistband from the reference image. Framed from mid-torso, calm neutral studio backdrop in warm light grey, soft daylight, natural relaxed pose, minimal styling. Match the garment in the reference exactly. No text."
"/images/products/4-pack-woven-boxer-shorts/navy/packshot.jpg","packshot","4-PACK WOVEN BOXER SHORTS","Navy","1000","1400","5:7","#F5F5F5","","Flat-lay e-commerce product photograph of a single navy loose woven cotton boxer shorts with an elasticated waistband. Centred and filling the frame, on a seamless flat #F5F5F5 light-grey background, soft even lighting, no shadows, no model, no props, no text. Clean catalogue style."
"/images/products/4-pack-woven-boxer-shorts/sky/packshot.jpg","packshot","4-PACK WOVEN BOXER SHORTS","Light blue","1000","1400","5:7","#F5F5F5","","Flat-lay e-commerce product photograph of a single light blue loose woven cotton boxer shorts with an elasticated waistband. Centred and filling the frame, on a seamless flat #F5F5F5 light-grey background, soft even lighting, no shadows, no model, no props, no text. Clean catalogue style."
"/images/shared/detail-sky.jpg","detail","(shared across all products in this colour)","Light blue","1600","2100","3:4","macro","","Extreme macro photograph of light blue cotton jersey fabric (approximately #a8c4dd), showing fine rib-knit texture and a single flatlock seam running through the frame. Shallow depth of field, soft diffused light, no text."
"/images/products/4-pack-woven-boxer-shorts/teal/packshot.jpg","packshot","4-PACK WOVEN BOXER SHORTS","Teal","1000","1400","5:7","#F5F5F5","","Flat-lay e-commerce product photograph of a single teal loose woven cotton boxer shorts with an elasticated waistband. Centred and filling the frame, on a seamless flat #F5F5F5 light-grey background, soft even lighting, no shadows, no model, no props, no text. Clean catalogue style."
"/images/products/3-pack-woven-boxer-shorts/sky/packshot.jpg","packshot","3-PACK WOVEN BOXER SHORTS","Light blue","1000","1400","5:7","#F5F5F5","","Flat-lay e-commerce product photograph of a single light blue loose woven cotton boxer shorts with an elasticated waistband. Centred and filling the frame, on a seamless flat #F5F5F5 light-grey background, soft even lighting, no shadows, no model, no props, no text. Clean catalogue style."
"/images/products/3-pack-woven-boxer-shorts/sky/01-model.jpg","model","3-PACK WOVEN BOXER SHORTS","Light blue","1600","2100","3:4","scene","/images/products/3-pack-woven-boxer-shorts/sky/packshot.jpg","Editorial fashion photograph of a model wearing the light blue loose woven cotton boxer shorts with an elasticated waistband from the reference image. Framed from mid-torso, calm neutral studio backdrop in warm light grey, soft daylight, natural relaxed pose, minimal styling. Match the garment in the reference exactly. No text."
"/images/products/3-pack-woven-boxer-shorts/brown/packshot.jpg","packshot","3-PACK WOVEN BOXER SHORTS","Dark brown","1000","1400","5:7","#F5F5F5","","Flat-lay e-commerce product photograph of a single dark brown loose woven cotton boxer shorts with an elasticated waistband. Centred and filling the frame, on a seamless flat #F5F5F5 light-grey background, soft even lighting, no shadows, no model, no props, no text. Clean catalogue style."
"/images/shared/detail-brown.jpg","detail","(shared across all products in this colour)","Dark brown","1600","2100","3:4","macro","","Extreme macro photograph of dark brown cotton jersey fabric (approximately #4a3a30), showing fine rib-knit texture and a single flatlock seam running through the frame. Shallow depth of field, soft diffused light, no text."
"/images/products/3-pack-woven-boxer-shorts/olive/packshot.jpg","packshot","3-PACK WOVEN BOXER SHORTS","Olive","1000","1400","5:7","#F5F5F5","","Flat-lay e-commerce product photograph of a single olive loose woven cotton boxer shorts with an elasticated waistband. Centred and filling the frame, on a seamless flat #F5F5F5 light-grey background, soft even lighting, no shadows, no model, no props, no text. Clean catalogue style."
"/images/products/5-pack-cotton-briefs/white/packshot.jpg","packshot","5-PACK COTTON BRIEFS","White","1000","1400","5:7","#F5F5F5","","Flat-lay e-commerce product photograph of a single white mens cotton briefs with a covered elastic waistband. Centred and filling the frame, on a seamless flat #F5F5F5 light-grey background, soft even lighting, no shadows, no model, no props, no text. Clean catalogue style."
"/images/products/5-pack-cotton-briefs/white/01-model.jpg","model","5-PACK COTTON BRIEFS","White","1600","2100","3:4","scene","/images/products/5-pack-cotton-briefs/white/packshot.jpg","Editorial fashion photograph of a model wearing the white mens cotton briefs with a covered elastic waistband from the reference image. Framed from mid-torso, calm neutral studio backdrop in warm light grey, soft daylight, natural relaxed pose, minimal styling. Match the garment in the reference exactly. No text."
"/images/shared/detail-white.jpg","detail","(shared across all products in this colour)","White","1600","2100","3:4","macro","","Extreme macro photograph of white cotton jersey fabric (approximately #f2f2f2), showing fine rib-knit texture and a single flatlock seam running through the frame. Shallow depth of field, soft diffused light, no text."
"/images/products/5-pack-cotton-briefs/black/packshot.jpg","packshot","5-PACK COTTON BRIEFS","Black","1000","1400","5:7","#F5F5F5","","Flat-lay e-commerce product photograph of a single black mens cotton briefs with a covered elastic waistband. Centred and filling the frame, on a seamless flat #F5F5F5 light-grey background, soft even lighting, no shadows, no model, no props, no text. Clean catalogue style."
"/images/products/3-pack-microfibre-trunks/black/packshot.jpg","packshot","3-PACK MICROFIBRE TRUNKS","Black","1000","1400","5:7","#F5F5F5","","Flat-lay e-commerce product photograph of a single black mens boxer trunks, short-leg fitted underwear with a covered elastic waistband. Centred and filling the frame, on a seamless flat #F5F5F5 light-grey background, soft even lighting, no shadows, no model, no props, no text. Clean catalogue style."
"/images/products/3-pack-microfibre-trunks/black/01-model.jpg","model","3-PACK MICROFIBRE TRUNKS","Black","1600","2100","3:4","scene","/images/products/3-pack-microfibre-trunks/black/packshot.jpg","Editorial fashion photograph of a model wearing the black mens boxer trunks, short-leg fitted underwear with a covered elastic waistband from the reference image. Framed from mid-torso, calm neutral studio backdrop in warm light grey, soft daylight, natural relaxed pose, minimal styling. Match the garment in the reference exactly. No text."
"/images/products/3-pack-microfibre-trunks/grey/packshot.jpg","packshot","3-PACK MICROFIBRE TRUNKS","Grey melange","1000","1400","5:7","#F5F5F5","","Flat-lay e-commerce product photograph of a single grey melange mens boxer trunks, short-leg fitted underwear with a covered elastic waistband. Centred and filling the frame, on a seamless flat #F5F5F5 light-grey background, soft even lighting, no shadows, no model, no props, no text. Clean catalogue style."
"/images/products/2-pack-long-trunks/black/packshot.jpg","packshot","2-PACK LONG TRUNKS","Black","1000","1400","5:7","#F5F5F5","","Flat-lay e-commerce product photograph of a single black mens boxer trunks, short-leg fitted underwear with a covered elastic waistband. Centred and filling the frame, on a seamless flat #F5F5F5 light-grey background, soft even lighting, no shadows, no model, no props, no text. Clean catalogue style."
"/images/products/2-pack-long-trunks/black/01-model.jpg","model","2-PACK LONG TRUNKS","Black","1600","2100","3:4","scene","/images/products/2-pack-long-trunks/black/packshot.jpg","Editorial fashion photograph of a model wearing the black mens boxer trunks, short-leg fitted underwear with a covered elastic waistband from the reference image. Framed from mid-torso, calm neutral studio backdrop in warm light grey, soft daylight, natural relaxed pose, minimal styling. Match the garment in the reference exactly. No text."
"/images/products/2-pack-long-trunks/navy/packshot.jpg","packshot","2-PACK LONG TRUNKS","Navy","1000","1400","5:7","#F5F5F5","","Flat-lay e-commerce product photograph of a single navy mens boxer trunks, short-leg fitted underwear with a covered elastic waistband. Centred and filling the frame, on a seamless flat #F5F5F5 light-grey background, soft even lighting, no shadows, no model, no props, no text. Clean catalogue style."
"/images/products/3-pack-ribbed-cotton-vests/white/packshot.jpg","packshot","3-PACK RIBBED COTTON VESTS","White","1000","1400","5:7","#F5F5F5","","Flat-lay e-commerce product photograph of a single white ribbed cotton vest tank top with narrow shoulder straps. Centred and filling the frame, on a seamless flat #F5F5F5 light-grey background, soft even lighting, no shadows, no model, no props, no text. Clean catalogue style."
"/images/products/3-pack-ribbed-cotton-vests/white/01-model.jpg","model","3-PACK RIBBED COTTON VESTS","White","1600","2100","3:4","scene","/images/products/3-pack-ribbed-cotton-vests/white/packshot.jpg","Editorial fashion photograph of a model wearing the white ribbed cotton vest tank top with narrow shoulder straps from the reference image. Framed from mid-torso, calm neutral studio backdrop in warm light grey, soft daylight, natural relaxed pose, minimal styling. Match the garment in the reference exactly. No text."
"/images/products/3-pack-ribbed-cotton-vests/black/packshot.jpg","packshot","3-PACK RIBBED COTTON VESTS","Black","1000","1400","5:7","#F5F5F5","","Flat-lay e-commerce product photograph of a single black ribbed cotton vest tank top with narrow shoulder straps. Centred and filling the frame, on a seamless flat #F5F5F5 light-grey background, soft even lighting, no shadows, no model, no props, no text. Clean catalogue style."
"/images/products/3-pack-ribbed-cotton-vests/grey/packshot.jpg","packshot","3-PACK RIBBED COTTON VESTS","Grey melange","1000","1400","5:7","#F5F5F5","","Flat-lay e-commerce product photograph of a single grey melange ribbed cotton vest tank top with narrow shoulder straps. Centred and filling the frame, on a seamless flat #F5F5F5 light-grey background, soft even lighting, no shadows, no model, no props, no text. Clean catalogue style."
"/images/products/5-pack-cotton-vests/white/packshot.jpg","packshot","5-PACK COTTON VESTS","White","1000","1400","5:7","#F5F5F5","","Flat-lay e-commerce product photograph of a single white ribbed cotton vest tank top with narrow shoulder straps. Centred and filling the frame, on a seamless flat #F5F5F5 light-grey background, soft even lighting, no shadows, no model, no props, no text. Clean catalogue style."
"/images/products/5-pack-cotton-vests/white/01-model.jpg","model","5-PACK COTTON VESTS","White","1600","2100","3:4","scene","/images/products/5-pack-cotton-vests/white/packshot.jpg","Editorial fashion photograph of a model wearing the white ribbed cotton vest tank top with narrow shoulder straps from the reference image. Framed from mid-torso, calm neutral studio backdrop in warm light grey, soft daylight, natural relaxed pose, minimal styling. Match the garment in the reference exactly. No text."
"/images/products/5-pack-cotton-vests/black/packshot.jpg","packshot","5-PACK COTTON VESTS","Black","1000","1400","5:7","#F5F5F5","","Flat-lay e-commerce product photograph of a single black ribbed cotton vest tank top with narrow shoulder straps. Centred and filling the frame, on a seamless flat #F5F5F5 light-grey background, soft even lighting, no shadows, no model, no props, no text. Clean catalogue style."
"/images/products/seamless-performance-trunks/black/packshot.jpg","packshot","SEAMLESS PERFORMANCE TRUNKS","Black","1000","1400","5:7","#F5F5F5","","Flat-lay e-commerce product photograph of a single black mens boxer trunks, short-leg fitted underwear with a covered elastic waistband. Centred and filling the frame, on a seamless flat #F5F5F5 light-grey background, soft even lighting, no shadows, no model, no props, no text. Clean catalogue style."
"/images/products/seamless-performance-trunks/olive/packshot.jpg","packshot","SEAMLESS PERFORMANCE TRUNKS","Olive","1000","1400","5:7","#F5F5F5","","Flat-lay e-commerce product photograph of a single olive mens boxer trunks, short-leg fitted underwear with a covered elastic waistband. Centred and filling the frame, on a seamless flat #F5F5F5 light-grey background, soft even lighting, no shadows, no model, no props, no text. Clean catalogue style."
"/images/products/seamless-performance-trunks/navy/packshot.jpg","packshot","SEAMLESS PERFORMANCE TRUNKS","Navy","1000","1400","5:7","#F5F5F5","","Flat-lay e-commerce product photograph of a single navy mens boxer trunks, short-leg fitted underwear with a covered elastic waistband. Centred and filling the frame, on a seamless flat #F5F5F5 light-grey background, soft even lighting, no shadows, no model, no props, no text. Clean catalogue style."
"/images/products/3-pack-modal-trunks/brown/packshot.jpg","packshot","3-PACK MODAL TRUNKS","Dark brown","1000","1400","5:7","#F5F5F5","","Flat-lay e-commerce product photograph of a single dark brown mens boxer trunks, short-leg fitted underwear with a covered elastic waistband. Centred and filling the frame, on a seamless flat #F5F5F5 light-grey background, soft even lighting, no shadows, no model, no props, no text. Clean catalogue style."
"/images/products/3-pack-modal-trunks/black/packshot.jpg","packshot","3-PACK MODAL TRUNKS","Black","1000","1400","5:7","#F5F5F5","","Flat-lay e-commerce product photograph of a single black mens boxer trunks, short-leg fitted underwear with a covered elastic waistband. Centred and filling the frame, on a seamless flat #F5F5F5 light-grey background, soft even lighting, no shadows, no model, no props, no text. Clean catalogue style."
"/images/products/3-pack-modal-trunks/sage/packshot.jpg","packshot","3-PACK MODAL TRUNKS","Sage","1000","1400","5:7","#F5F5F5","","Flat-lay e-commerce product photograph of a single sage mens boxer trunks, short-leg fitted underwear with a covered elastic waistband. Centred and filling the frame, on a seamless flat #F5F5F5 light-grey background, soft even lighting, no shadows, no model, no props, no text. Clean catalogue style."
"/images/shared/detail-sage.jpg","detail","(shared across all products in this colour)","Sage","1600","2100","3:4","macro","","Extreme macro photograph of sage cotton jersey fabric (approximately #9aab96), showing fine rib-knit texture and a single flatlock seam running through the frame. Shallow depth of field, soft diffused light, no text."
"/images/products/3-pack-boxer-briefs-with-drymove/black/packshot.jpg","packshot","3-PACK BOXER BRIEFS WITH DRYMOVE™","Black","1000","1400","5:7","#F5F5F5","","Flat-lay e-commerce product photograph of a single black mens boxer trunks, short-leg fitted underwear with a covered elastic waistband. Centred and filling the frame, on a seamless flat #F5F5F5 light-grey background, soft even lighting, no shadows, no model, no props, no text. Clean catalogue style."
"/images/products/3-pack-boxer-briefs-with-drymove/navy/packshot.jpg","packshot","3-PACK BOXER BRIEFS WITH DRYMOVE™","Navy","1000","1400","5:7","#F5F5F5","","Flat-lay e-commerce product photograph of a single navy mens boxer trunks, short-leg fitted underwear with a covered elastic waistband. Centred and filling the frame, on a seamless flat #F5F5F5 light-grey background, soft even lighting, no shadows, no model, no props, no text. Clean catalogue style."
"/images/products/2-pack-thermal-long-johns/black/packshot.jpg","packshot","2-PACK THERMAL LONG JOHNS","Black","1000","1400","5:7","#F5F5F5","","Flat-lay e-commerce product photograph of a single black mens boxer trunks, short-leg fitted underwear with a covered elastic waistband. Centred and filling the frame, on a seamless flat #F5F5F5 light-grey background, soft even lighting, no shadows, no model, no props, no text. Clean catalogue style."
"/images/products/2-pack-thermal-long-johns/grey/packshot.jpg","packshot","2-PACK THERMAL LONG JOHNS","Grey melange","1000","1400","5:7","#F5F5F5","","Flat-lay e-commerce product photograph of a single grey melange mens boxer trunks, short-leg fitted underwear with a covered elastic waistband. Centred and filling the frame, on a seamless flat #F5F5F5 light-grey background, soft even lighting, no shadows, no model, no props, no text. Clean catalogue style."
"/images/products/3-pack-jersey-boxer-shorts/grey/packshot.jpg","packshot","3-PACK JERSEY BOXER SHORTS","Grey melange","1000","1400","5:7","#F5F5F5","","Flat-lay e-commerce product photograph of a single grey melange loose woven cotton boxer shorts with an elasticated waistband. Centred and filling the frame, on a seamless flat #F5F5F5 light-grey background, soft even lighting, no shadows, no model, no props, no text. Clean catalogue style."
"/images/products/3-pack-jersey-boxer-shorts/navy/packshot.jpg","packshot","3-PACK JERSEY BOXER SHORTS","Navy","1000","1400","5:7","#F5F5F5","","Flat-lay e-commerce product photograph of a single navy loose woven cotton boxer shorts with an elasticated waistband. Centred and filling the frame, on a seamless flat #F5F5F5 light-grey background, soft even lighting, no shadows, no model, no props, no text. Clean catalogue style."
"/images/products/5-pack-mid-rise-briefs/black/packshot.jpg","packshot","5-PACK MID-RISE BRIEFS","Black","1000","1400","5:7","#F5F5F5","","Flat-lay e-commerce product photograph of a single black mens cotton briefs with a covered elastic waistband. Centred and filling the frame, on a seamless flat #F5F5F5 light-grey background, soft even lighting, no shadows, no model, no props, no text. Clean catalogue style."
"/images/products/5-pack-mid-rise-briefs/white/packshot.jpg","packshot","5-PACK MID-RISE BRIEFS","White","1000","1400","5:7","#F5F5F5","","Flat-lay e-commerce product photograph of a single white mens cotton briefs with a covered elastic waistband. Centred and filling the frame, on a seamless flat #F5F5F5 light-grey background, soft even lighting, no shadows, no model, no props, no text. Clean catalogue style."
"/images/products/5-pack-mid-rise-briefs/grey/packshot.jpg","packshot","5-PACK MID-RISE BRIEFS","Grey melange","1000","1400","5:7","#F5F5F5","","Flat-lay e-commerce product photograph of a single grey melange mens cotton briefs with a covered elastic waistband. Centred and filling the frame, on a seamless flat #F5F5F5 light-grey background, soft even lighting, no shadows, no model, no props, no text. Clean catalogue style."
"/images/products/3-pack-cotton-hipster-briefs/black/packshot.jpg","packshot","3-PACK COTTON HIPSTER BRIEFS","Black","1000","1400","5:7","#F5F5F5","","Flat-lay e-commerce product photograph of a single black mens cotton briefs with a covered elastic waistband. Centred and filling the frame, on a seamless flat #F5F5F5 light-grey background, soft even lighting, no shadows, no model, no props, no text. Clean catalogue style."
"/images/products/3-pack-cotton-hipster-briefs/blush/packshot.jpg","packshot","3-PACK COTTON HIPSTER BRIEFS","Blush","1000","1400","5:7","#F5F5F5","","Flat-lay e-commerce product photograph of a single blush mens cotton briefs with a covered elastic waistband. Centred and filling the frame, on a seamless flat #F5F5F5 light-grey background, soft even lighting, no shadows, no model, no props, no text. Clean catalogue style."
"/images/shared/detail-blush.jpg","detail","(shared across all products in this colour)","Blush","1600","2100","3:4","macro","","Extreme macro photograph of blush cotton jersey fabric (approximately #d8a9a9), showing fine rib-knit texture and a single flatlock seam running through the frame. Shallow depth of field, soft diffused light, no text."
"/images/products/3-pack-cotton-hipster-briefs/white/packshot.jpg","packshot","3-PACK COTTON HIPSTER BRIEFS","White","1000","1400","5:7","#F5F5F5","","Flat-lay e-commerce product photograph of a single white mens cotton briefs with a covered elastic waistband. Centred and filling the frame, on a seamless flat #F5F5F5 light-grey background, soft even lighting, no shadows, no model, no props, no text. Clean catalogue style."
"/images/products/5-pack-cotton-briefs-women/white/packshot.jpg","packshot","5-PACK COTTON BRIEFS","White","1000","1400","5:7","#F5F5F5","","Flat-lay e-commerce product photograph of a single white mens cotton briefs with a covered elastic waistband. Centred and filling the frame, on a seamless flat #F5F5F5 light-grey background, soft even lighting, no shadows, no model, no props, no text. Clean catalogue style."
"/images/products/5-pack-cotton-briefs-women/black/packshot.jpg","packshot","5-PACK COTTON BRIEFS","Black","1000","1400","5:7","#F5F5F5","","Flat-lay e-commerce product photograph of a single black mens cotton briefs with a covered elastic waistband. Centred and filling the frame, on a seamless flat #F5F5F5 light-grey background, soft even lighting, no shadows, no model, no props, no text. Clean catalogue style."
"/images/products/5-pack-cotton-briefs-women/sage/packshot.jpg","packshot","5-PACK COTTON BRIEFS","Sage","1000","1400","5:7","#F5F5F5","","Flat-lay e-commerce product photograph of a single sage mens cotton briefs with a covered elastic waistband. Centred and filling the frame, on a seamless flat #F5F5F5 light-grey background, soft even lighting, no shadows, no model, no props, no text. Clean catalogue style."
"/images/products/3-pack-seamless-thongs/black/packshot.jpg","packshot","3-PACK SEAMLESS THONGS","Black","1000","1400","5:7","#F5F5F5","","Flat-lay e-commerce product photograph of a single black mens cotton briefs with a covered elastic waistband. Centred and filling the frame, on a seamless flat #F5F5F5 light-grey background, soft even lighting, no shadows, no model, no props, no text. Clean catalogue style."
"/images/products/3-pack-seamless-thongs/beige/packshot.jpg","packshot","3-PACK SEAMLESS THONGS","Beige","1000","1400","5:7","#F5F5F5","","Flat-lay e-commerce product photograph of a single beige mens cotton briefs with a covered elastic waistband. Centred and filling the frame, on a seamless flat #F5F5F5 light-grey background, soft even lighting, no shadows, no model, no props, no text. Clean catalogue style."
"/images/shared/detail-beige.jpg","detail","(shared across all products in this colour)","Beige","1600","2100","3:4","macro","","Extreme macro photograph of beige cotton jersey fabric (approximately #c8b49b), showing fine rib-knit texture and a single flatlock seam running through the frame. Shallow depth of field, soft diffused light, no text."
"/images/products/2-pack-soft-bralettes/black/packshot.jpg","packshot","2-PACK SOFT BRALETTES","Black","1000","1400","5:7","#F5F5F5","","Flat-lay e-commerce product photograph of a single black soft non-wired jersey bralette with adjustable straps. Centred and filling the frame, on a seamless flat #F5F5F5 light-grey background, soft even lighting, no shadows, no model, no props, no text. Clean catalogue style."
"/images/products/2-pack-soft-bralettes/blush/packshot.jpg","packshot","2-PACK SOFT BRALETTES","Blush","1000","1400","5:7","#F5F5F5","","Flat-lay e-commerce product photograph of a single blush soft non-wired jersey bralette with adjustable straps. Centred and filling the frame, on a seamless flat #F5F5F5 light-grey background, soft even lighting, no shadows, no model, no props, no text. Clean catalogue style."
"/images/products/non-wired-cotton-bra/beige/packshot.jpg","packshot","NON-WIRED COTTON BRA","Beige","1000","1400","5:7","#F5F5F5","","Flat-lay e-commerce product photograph of a single beige soft non-wired jersey bralette with adjustable straps. Centred and filling the frame, on a seamless flat #F5F5F5 light-grey background, soft even lighting, no shadows, no model, no props, no text. Clean catalogue style."
"/images/products/non-wired-cotton-bra/black/packshot.jpg","packshot","NON-WIRED COTTON BRA","Black","1000","1400","5:7","#F5F5F5","","Flat-lay e-commerce product photograph of a single black soft non-wired jersey bralette with adjustable straps. Centred and filling the frame, on a seamless flat #F5F5F5 light-grey background, soft even lighting, no shadows, no model, no props, no text. Clean catalogue style."
"/images/products/non-wired-cotton-bra/white/packshot.jpg","packshot","NON-WIRED COTTON BRA","White","1000","1400","5:7","#F5F5F5","","Flat-lay e-commerce product photograph of a single white soft non-wired jersey bralette with adjustable straps. Centred and filling the frame, on a seamless flat #F5F5F5 light-grey background, soft even lighting, no shadows, no model, no props, no text. Clean catalogue style."
"/images/products/lace-trim-bralette/black/packshot.jpg","packshot","LACE-TRIM BRALETTE","Black","1000","1400","5:7","#F5F5F5","","Flat-lay e-commerce product photograph of a single black soft non-wired jersey bralette with adjustable straps. Centred and filling the frame, on a seamless flat #F5F5F5 light-grey background, soft even lighting, no shadows, no model, no props, no text. Clean catalogue style."
"/images/products/lace-trim-bralette/blush/packshot.jpg","packshot","LACE-TRIM BRALETTE","Blush","1000","1400","5:7","#F5F5F5","","Flat-lay e-commerce product photograph of a single blush soft non-wired jersey bralette with adjustable straps. Centred and filling the frame, on a seamless flat #F5F5F5 light-grey background, soft even lighting, no shadows, no model, no props, no text. Clean catalogue style."
"/images/products/lace-trim-bralette/sage/packshot.jpg","packshot","LACE-TRIM BRALETTE","Sage","1000","1400","5:7","#F5F5F5","","Flat-lay e-commerce product photograph of a single sage soft non-wired jersey bralette with adjustable straps. Centred and filling the frame, on a seamless flat #F5F5F5 light-grey background, soft even lighting, no shadows, no model, no props, no text. Clean catalogue style."
"/images/products/3-pack-microfibre-hipsters/black/packshot.jpg","packshot","3-PACK MICROFIBRE HIPSTERS","Black","1000","1400","5:7","#F5F5F5","","Flat-lay e-commerce product photograph of a single black mens cotton briefs with a covered elastic waistband. Centred and filling the frame, on a seamless flat #F5F5F5 light-grey background, soft even lighting, no shadows, no model, no props, no text. Clean catalogue style."
"/images/products/3-pack-microfibre-hipsters/navy/packshot.jpg","packshot","3-PACK MICROFIBRE HIPSTERS","Navy","1000","1400","5:7","#F5F5F5","","Flat-lay e-commerce product photograph of a single navy mens cotton briefs with a covered elastic waistband. Centred and filling the frame, on a seamless flat #F5F5F5 light-grey background, soft even lighting, no shadows, no model, no props, no text. Clean catalogue style."
"/images/products/5-pack-cotton-thongs/black/packshot.jpg","packshot","5-PACK COTTON THONGS","Black","1000","1400","5:7","#F5F5F5","","Flat-lay e-commerce product photograph of a single black mens cotton briefs with a covered elastic waistband. Centred and filling the frame, on a seamless flat #F5F5F5 light-grey background, soft even lighting, no shadows, no model, no props, no text. Clean catalogue style."
"/images/products/5-pack-cotton-thongs/white/packshot.jpg","packshot","5-PACK COTTON THONGS","White","1000","1400","5:7","#F5F5F5","","Flat-lay e-commerce product photograph of a single white mens cotton briefs with a covered elastic waistband. Centred and filling the frame, on a seamless flat #F5F5F5 light-grey background, soft even lighting, no shadows, no model, no props, no text. Clean catalogue style."
"/images/products/5-pack-cotton-thongs/blush/packshot.jpg","packshot","5-PACK COTTON THONGS","Blush","1000","1400","5:7","#F5F5F5","","Flat-lay e-commerce product photograph of a single blush mens cotton briefs with a covered elastic waistband. Centred and filling the frame, on a seamless flat #F5F5F5 light-grey background, soft even lighting, no shadows, no model, no props, no text. Clean catalogue style."
"/images/products/2-pack-camisoles/white/packshot.jpg","packshot","2-PACK CAMISOLES","White","1000","1400","5:7","#F5F5F5","","Flat-lay e-commerce product photograph of a single white ribbed cotton vest tank top with narrow shoulder straps. Centred and filling the frame, on a seamless flat #F5F5F5 light-grey background, soft even lighting, no shadows, no model, no props, no text. Clean catalogue style."
"/images/products/2-pack-camisoles/black/packshot.jpg","packshot","2-PACK CAMISOLES","Black","1000","1400","5:7","#F5F5F5","","Flat-lay e-commerce product photograph of a single black ribbed cotton vest tank top with narrow shoulder straps. Centred and filling the frame, on a seamless flat #F5F5F5 light-grey background, soft even lighting, no shadows, no model, no props, no text. Clean catalogue style."
"/images/products/ribbed-cotton-vest-top/white/packshot.jpg","packshot","RIBBED COTTON VEST TOP","White","1000","1400","5:7","#F5F5F5","","Flat-lay e-commerce product photograph of a single white ribbed cotton vest tank top with narrow shoulder straps. Centred and filling the frame, on a seamless flat #F5F5F5 light-grey background, soft even lighting, no shadows, no model, no props, no text. Clean catalogue style."
"/images/products/ribbed-cotton-vest-top/sage/packshot.jpg","packshot","RIBBED COTTON VEST TOP","Sage","1000","1400","5:7","#F5F5F5","","Flat-lay e-commerce product photograph of a single sage ribbed cotton vest tank top with narrow shoulder straps. Centred and filling the frame, on a seamless flat #F5F5F5 light-grey background, soft even lighting, no shadows, no model, no props, no text. Clean catalogue style."
"/images/products/ribbed-cotton-vest-top/black/packshot.jpg","packshot","RIBBED COTTON VEST TOP","Black","1000","1400","5:7","#F5F5F5","","Flat-lay e-commerce product photograph of a single black ribbed cotton vest tank top with narrow shoulder straps. Centred and filling the frame, on a seamless flat #F5F5F5 light-grey background, soft even lighting, no shadows, no model, no props, no text. Clean catalogue style."
"/images/products/3-pack-high-waist-briefs/black/packshot.jpg","packshot","3-PACK HIGH-WAIST BRIEFS","Black","1000","1400","5:7","#F5F5F5","","Flat-lay e-commerce product photograph of a single black mens cotton briefs with a covered elastic waistband. Centred and filling the frame, on a seamless flat #F5F5F5 light-grey background, soft even lighting, no shadows, no model, no props, no text. Clean catalogue style."
"/images/products/3-pack-high-waist-briefs/beige/packshot.jpg","packshot","3-PACK HIGH-WAIST BRIEFS","Beige","1000","1400","5:7","#F5F5F5","","Flat-lay e-commerce product photograph of a single beige mens cotton briefs with a covered elastic waistband. Centred and filling the frame, on a seamless flat #F5F5F5 light-grey background, soft even lighting, no shadows, no model, no props, no text. Clean catalogue style."
"/images/products/sports-bra-medium-support/black/packshot.jpg","packshot","SPORTS BRA MEDIUM SUPPORT","Black","1000","1400","5:7","#F5F5F5","","Flat-lay e-commerce product photograph of a single black soft non-wired jersey bralette with adjustable straps. Centred and filling the frame, on a seamless flat #F5F5F5 light-grey background, soft even lighting, no shadows, no model, no props, no text. Clean catalogue style."
"/images/products/sports-bra-medium-support/olive/packshot.jpg","packshot","SPORTS BRA MEDIUM SUPPORT","Olive","1000","1400","5:7","#F5F5F5","","Flat-lay e-commerce product photograph of a single olive soft non-wired jersey bralette with adjustable straps. Centred and filling the frame, on a seamless flat #F5F5F5 light-grey background, soft even lighting, no shadows, no model, no props, no text. Clean catalogue style."
"/images/products/2-pack-modal-bralettes/brown/packshot.jpg","packshot","2-PACK MODAL BRALETTES","Dark brown","1000","1400","5:7","#F5F5F5","","Flat-lay e-commerce product photograph of a single dark brown soft non-wired jersey bralette with adjustable straps. Centred and filling the frame, on a seamless flat #F5F5F5 light-grey background, soft even lighting, no shadows, no model, no props, no text. Clean catalogue style."
"/images/products/2-pack-modal-bralettes/black/packshot.jpg","packshot","2-PACK MODAL BRALETTES","Black","1000","1400","5:7","#F5F5F5","","Flat-lay e-commerce product photograph of a single black soft non-wired jersey bralette with adjustable straps. Centred and filling the frame, on a seamless flat #F5F5F5 light-grey background, soft even lighting, no shadows, no model, no props, no text. Clean catalogue style."
"/images/products/7-pack-cotton-briefs-kids/white/packshot.jpg","packshot","7-PACK COTTON BRIEFS","White","1000","1400","5:7","#F5F5F5","","Flat-lay e-commerce product photograph of a single white mens cotton briefs with a covered elastic waistband. Centred and filling the frame, on a seamless flat #F5F5F5 light-grey background, soft even lighting, no shadows, no model, no props, no text. Clean catalogue style."
"/images/products/7-pack-cotton-briefs-kids/sky/packshot.jpg","packshot","7-PACK COTTON BRIEFS","Light blue","1000","1400","5:7","#F5F5F5","","Flat-lay e-commerce product photograph of a single light blue mens cotton briefs with a covered elastic waistband. Centred and filling the frame, on a seamless flat #F5F5F5 light-grey background, soft even lighting, no shadows, no model, no props, no text. Clean catalogue style."
"/images/products/5-pack-boxer-shorts-kids/navy/packshot.jpg","packshot","5-PACK BOXER SHORTS","Navy","1000","1400","5:7","#F5F5F5","","Flat-lay e-commerce product photograph of a single navy loose woven cotton boxer shorts with an elasticated waistband. Centred and filling the frame, on a seamless flat #F5F5F5 light-grey background, soft even lighting, no shadows, no model, no props, no text. Clean catalogue style."
"/images/products/5-pack-boxer-shorts-kids/grey/packshot.jpg","packshot","5-PACK BOXER SHORTS","Grey melange","1000","1400","5:7","#F5F5F5","","Flat-lay e-commerce product photograph of a single grey melange loose woven cotton boxer shorts with an elasticated waistband. Centred and filling the frame, on a seamless flat #F5F5F5 light-grey background, soft even lighting, no shadows, no model, no props, no text. Clean catalogue style."
"/images/products/3-pack-cotton-vests-kids/white/packshot.jpg","packshot","3-PACK COTTON VESTS","White","1000","1400","5:7","#F5F5F5","","Flat-lay e-commerce product photograph of a single white ribbed cotton vest tank top with narrow shoulder straps. Centred and filling the frame, on a seamless flat #F5F5F5 light-grey background, soft even lighting, no shadows, no model, no props, no text. Clean catalogue style."
"/images/products/7-pack-socks-kids/white/packshot.jpg","packshot","7-PACK SOCKS","White","1000","1400","5:7","#F5F5F5","","Flat-lay e-commerce product photograph of a single white ribbed cotton crew socks. Centred and filling the frame, on a seamless flat #F5F5F5 light-grey background, soft even lighting, no shadows, no model, no props, no text. Clean catalogue style."
"/images/products/7-pack-socks-kids/navy/packshot.jpg","packshot","7-PACK SOCKS","Navy","1000","1400","5:7","#F5F5F5","","Flat-lay e-commerce product photograph of a single navy ribbed cotton crew socks. Centred and filling the frame, on a seamless flat #F5F5F5 light-grey background, soft even lighting, no shadows, no model, no props, no text. Clean catalogue style."
"/images/products/2-pack-thermal-sets-kids/grey/packshot.jpg","packshot","2-PACK THERMAL SETS","Grey melange","1000","1400","5:7","#F5F5F5","","Flat-lay e-commerce product photograph of a single grey melange ribbed cotton vest tank top with narrow shoulder straps. Centred and filling the frame, on a seamless flat #F5F5F5 light-grey background, soft even lighting, no shadows, no model, no props, no text. Clean catalogue style."
"/images/products/2-pack-thermal-sets-kids/blush/packshot.jpg","packshot","2-PACK THERMAL SETS","Blush","1000","1400","5:7","#F5F5F5","","Flat-lay e-commerce product photograph of a single blush ribbed cotton vest tank top with narrow shoulder straps. Centred and filling the frame, on a seamless flat #F5F5F5 light-grey background, soft even lighting, no shadows, no model, no props, no text. Clean catalogue style."
"/images/products/5-pack-printed-briefs-kids/sky/packshot.jpg","packshot","5-PACK PRINTED BRIEFS","Light blue","1000","1400","5:7","#F5F5F5","","Flat-lay e-commerce product photograph of a single light blue mens cotton briefs with a covered elastic waistband. Centred and filling the frame, on a seamless flat #F5F5F5 light-grey background, soft even lighting, no shadows, no model, no props, no text. Clean catalogue style."
"/images/products/5-pack-printed-briefs-kids/blush/packshot.jpg","packshot","5-PACK PRINTED BRIEFS","Blush","1000","1400","5:7","#F5F5F5","","Flat-lay e-commerce product photograph of a single blush mens cotton briefs with a covered elastic waistband. Centred and filling the frame, on a seamless flat #F5F5F5 light-grey background, soft even lighting, no shadows, no model, no props, no text. Clean catalogue style."
"/images/products/cotton-pyjama-set/navy/packshot.jpg","packshot","COTTON PYJAMA SET","Navy","1000","1400","5:7","#F5F5F5","","Flat-lay e-commerce product photograph of a single navy soft jersey loungewear set with long sleeves and a relaxed fit. Centred and filling the frame, on a seamless flat #F5F5F5 light-grey background, soft even lighting, no shadows, no model, no props, no text. Clean catalogue style."
"/images/products/cotton-pyjama-set/grey/packshot.jpg","packshot","COTTON PYJAMA SET","Grey melange","1000","1400","5:7","#F5F5F5","","Flat-lay e-commerce product photograph of a single grey melange soft jersey loungewear set with long sleeves and a relaxed fit. Centred and filling the frame, on a seamless flat #F5F5F5 light-grey background, soft even lighting, no shadows, no model, no props, no text. Clean catalogue style."
"/images/products/ribbed-lounge-shorts/beige/packshot.jpg","packshot","RIBBED LOUNGE SHORTS","Beige","1000","1400","5:7","#F5F5F5","","Flat-lay e-commerce product photograph of a single beige jersey lounge shorts with a drawstring waist. Centred and filling the frame, on a seamless flat #F5F5F5 light-grey background, soft even lighting, no shadows, no model, no props, no text. Clean catalogue style."
"/images/products/ribbed-lounge-shorts/black/packshot.jpg","packshot","RIBBED LOUNGE SHORTS","Black","1000","1400","5:7","#F5F5F5","","Flat-lay e-commerce product photograph of a single black jersey lounge shorts with a drawstring waist. Centred and filling the frame, on a seamless flat #F5F5F5 light-grey background, soft even lighting, no shadows, no model, no props, no text. Clean catalogue style."
"/images/products/ribbed-lounge-shorts/sage/packshot.jpg","packshot","RIBBED LOUNGE SHORTS","Sage","1000","1400","5:7","#F5F5F5","","Flat-lay e-commerce product photograph of a single sage jersey lounge shorts with a drawstring waist. Centred and filling the frame, on a seamless flat #F5F5F5 light-grey background, soft even lighting, no shadows, no model, no props, no text. Clean catalogue style."
"/images/products/jersey-lounge-tee/white/packshot.jpg","packshot","JERSEY LOUNGE TEE","White","1000","1400","5:7","#F5F5F5","","Flat-lay e-commerce product photograph of a single white relaxed-fit cotton jersey t-shirt. Centred and filling the frame, on a seamless flat #F5F5F5 light-grey background, soft even lighting, no shadows, no model, no props, no text. Clean catalogue style."
"/images/products/jersey-lounge-tee/grey/packshot.jpg","packshot","JERSEY LOUNGE TEE","Grey melange","1000","1400","5:7","#F5F5F5","","Flat-lay e-commerce product photograph of a single grey melange relaxed-fit cotton jersey t-shirt. Centred and filling the frame, on a seamless flat #F5F5F5 light-grey background, soft even lighting, no shadows, no model, no props, no text. Clean catalogue style."
"/images/products/jersey-lounge-tee/olive/packshot.jpg","packshot","JERSEY LOUNGE TEE","Olive","1000","1400","5:7","#F5F5F5","","Flat-lay e-commerce product photograph of a single olive relaxed-fit cotton jersey t-shirt. Centred and filling the frame, on a seamless flat #F5F5F5 light-grey background, soft even lighting, no shadows, no model, no props, no text. Clean catalogue style."
"/images/products/2-pack-lounge-shorts/grey/packshot.jpg","packshot","2-PACK LOUNGE SHORTS","Grey melange","1000","1400","5:7","#F5F5F5","","Flat-lay e-commerce product photograph of a single grey melange jersey lounge shorts with a drawstring waist. Centred and filling the frame, on a seamless flat #F5F5F5 light-grey background, soft even lighting, no shadows, no model, no props, no text. Clean catalogue style."
"/images/products/2-pack-lounge-shorts/navy/packshot.jpg","packshot","2-PACK LOUNGE SHORTS","Navy","1000","1400","5:7","#F5F5F5","","Flat-lay e-commerce product photograph of a single navy jersey lounge shorts with a drawstring waist. Centred and filling the frame, on a seamless flat #F5F5F5 light-grey background, soft even lighting, no shadows, no model, no props, no text. Clean catalogue style."
"/images/products/modal-robe/beige/packshot.jpg","packshot","MODAL ROBE","Beige","1000","1400","5:7","#F5F5F5","","Flat-lay e-commerce product photograph of a single beige soft jersey loungewear set with long sleeves and a relaxed fit. Centred and filling the frame, on a seamless flat #F5F5F5 light-grey background, soft even lighting, no shadows, no model, no props, no text. Clean catalogue style."
"/images/products/modal-robe/black/packshot.jpg","packshot","MODAL ROBE","Black","1000","1400","5:7","#F5F5F5","","Flat-lay e-commerce product photograph of a single black soft jersey loungewear set with long sleeves and a relaxed fit. Centred and filling the frame, on a seamless flat #F5F5F5 light-grey background, soft even lighting, no shadows, no model, no props, no text. Clean catalogue style."
"/images/products/waffle-lounge-set/sage/packshot.jpg","packshot","WAFFLE LOUNGE SET","Sage","1000","1400","5:7","#F5F5F5","","Flat-lay e-commerce product photograph of a single sage soft jersey loungewear set with long sleeves and a relaxed fit. Centred and filling the frame, on a seamless flat #F5F5F5 light-grey background, soft even lighting, no shadows, no model, no props, no text. Clean catalogue style."
"/images/products/waffle-lounge-set/beige/packshot.jpg","packshot","WAFFLE LOUNGE SET","Beige","1000","1400","5:7","#F5F5F5","","Flat-lay e-commerce product photograph of a single beige soft jersey loungewear set with long sleeves and a relaxed fit. Centred and filling the frame, on a seamless flat #F5F5F5 light-grey background, soft even lighting, no shadows, no model, no props, no text. Clean catalogue style."
"/images/products/10-pack-cotton-socks/black/packshot.jpg","packshot","10-PACK COTTON SOCKS","Black","1000","1400","5:7","#F5F5F5","","Flat-lay e-commerce product photograph of a single black ribbed cotton crew socks. Centred and filling the frame, on a seamless flat #F5F5F5 light-grey background, soft even lighting, no shadows, no model, no props, no text. Clean catalogue style."
"/images/products/10-pack-cotton-socks/white/packshot.jpg","packshot","10-PACK COTTON SOCKS","White","1000","1400","5:7","#F5F5F5","","Flat-lay e-commerce product photograph of a single white ribbed cotton crew socks. Centred and filling the frame, on a seamless flat #F5F5F5 light-grey background, soft even lighting, no shadows, no model, no props, no text. Clean catalogue style."
"/images/products/7-pack-sports-socks-with-drymove/black/packshot.jpg","packshot","7-PACK SPORTS SOCKS WITH DRYMOVE™","Black","1000","1400","5:7","#F5F5F5","","Flat-lay e-commerce product photograph of a single black ribbed cotton crew socks. Centred and filling the frame, on a seamless flat #F5F5F5 light-grey background, soft even lighting, no shadows, no model, no props, no text. Clean catalogue style."
"/images/products/7-pack-sports-socks-with-drymove/white/packshot.jpg","packshot","7-PACK SPORTS SOCKS WITH DRYMOVE™","White","1000","1400","5:7","#F5F5F5","","Flat-lay e-commerce product photograph of a single white ribbed cotton crew socks. Centred and filling the frame, on a seamless flat #F5F5F5 light-grey background, soft even lighting, no shadows, no model, no props, no text. Clean catalogue style."
"/images/products/7-pack-sports-socks-with-drymove/grey/packshot.jpg","packshot","7-PACK SPORTS SOCKS WITH DRYMOVE™","Grey melange","1000","1400","5:7","#F5F5F5","","Flat-lay e-commerce product photograph of a single grey melange ribbed cotton crew socks. Centred and filling the frame, on a seamless flat #F5F5F5 light-grey background, soft even lighting, no shadows, no model, no props, no text. Clean catalogue style."
"/images/products/3-pack-wool-blend-socks/grey/packshot.jpg","packshot","3-PACK WOOL-BLEND SOCKS","Grey melange","1000","1400","5:7","#F5F5F5","","Flat-lay e-commerce product photograph of a single grey melange ribbed cotton crew socks. Centred and filling the frame, on a seamless flat #F5F5F5 light-grey background, soft even lighting, no shadows, no model, no props, no text. Clean catalogue style."
"/images/products/3-pack-wool-blend-socks/olive/packshot.jpg","packshot","3-PACK WOOL-BLEND SOCKS","Olive","1000","1400","5:7","#F5F5F5","","Flat-lay e-commerce product photograph of a single olive ribbed cotton crew socks. Centred and filling the frame, on a seamless flat #F5F5F5 light-grey background, soft even lighting, no shadows, no model, no props, no text. Clean catalogue style."
"/images/products/3-pack-wool-blend-socks/burgundy/packshot.jpg","packshot","3-PACK WOOL-BLEND SOCKS","Burgundy","1000","1400","5:7","#F5F5F5","","Flat-lay e-commerce product photograph of a single burgundy ribbed cotton crew socks. Centred and filling the frame, on a seamless flat #F5F5F5 light-grey background, soft even lighting, no shadows, no model, no props, no text. Clean catalogue style."
"/images/products/5-pack-no-show-socks/white/packshot.jpg","packshot","5-PACK NO-SHOW SOCKS","White","1000","1400","5:7","#F5F5F5","","Flat-lay e-commerce product photograph of a single white ribbed cotton crew socks. Centred and filling the frame, on a seamless flat #F5F5F5 light-grey background, soft even lighting, no shadows, no model, no props, no text. Clean catalogue style."
"/images/products/5-pack-no-show-socks/black/packshot.jpg","packshot","5-PACK NO-SHOW SOCKS","Black","1000","1400","5:7","#F5F5F5","","Flat-lay e-commerce product photograph of a single black ribbed cotton crew socks. Centred and filling the frame, on a seamless flat #F5F5F5 light-grey background, soft even lighting, no shadows, no model, no props, no text. Clean catalogue style."
"/images/products/2-pack-thermal-socks/grey/packshot.jpg","packshot","2-PACK THERMAL SOCKS","Grey melange","1000","1400","5:7","#F5F5F5","","Flat-lay e-commerce product photograph of a single grey melange ribbed cotton crew socks. Centred and filling the frame, on a seamless flat #F5F5F5 light-grey background, soft even lighting, no shadows, no model, no props, no text. Clean catalogue style."
"/images/products/2-pack-thermal-socks/navy/packshot.jpg","packshot","2-PACK THERMAL SOCKS","Navy","1000","1400","5:7","#F5F5F5","","Flat-lay e-commerce product photograph of a single navy ribbed cotton crew socks. Centred and filling the frame, on a seamless flat #F5F5F5 light-grey background, soft even lighting, no shadows, no model, no props, no text. Clean catalogue style."